{
  "labels": [
    0,
    1,
    2,
    3
  ],
  "classification_report": {
    "0": {
      "precision": 0.9995166776584071,
      "recall": 0.999841145954593,
      "f1-score": 0.9996788854781276,
      "support": 459585400.0
    },
    "1": {
      "precision": 0.8747776068162131,
      "recall": 0.7432580076145836,
      "f1-score": 0.8036726204902463,
      "support": 479606.0
    },
    "2": {
      "precision": 0.8588603277169226,
      "recall": 0.7507411887148041,
      "f1-score": 0.8011695028712256,
      "support": 355510.0
    },
    "3": {
      "precision": 0.9432870903811587,
      "recall": 0.8629191217548039,
      "f1-score": 0.9013151013712505,
      "support": 379484.0
    },
    "accuracy": 0.9992691493055555,
    "macro avg": {
      "precision": 0.9191104256431754,
      "recall": 0.839189866009696,
      "f1-score": 0.8764590275527124,
      "support": 460800000.0
    },
    "weighted avg": {
      "precision": 0.9992320236339359,
      "recall": 0.9992691493055555,
      "f1-score": 0.999240722861842,
      "support": 460800000.0
    }
  },
  "confusion_matrix": [
    [
      459512393,
      49931,
      17755,
      5321
    ],
    [
      93031,
      356471,
      26024,
      4080
    ],
    [
      77726,
      601,
      266896,
      10287
    ],
    [
      51443,
      496,
      81,
      327464
    ]
  ],
  "iou_per_class": {
    "0": 0.9993579771191254,
    "1": 0.6717831876585367,
    "2": 0.6682925607832336,
    "3": 0.8203581413525999
  },
  "mean_iou": 0.789947966728374
}