{
  "labels": [
    0,
    1,
    2,
    3
  ],
  "classification_report": {
    "0": {
      "precision": 0.7369790241110578,
      "recall": 0.9999947904042046,
      "f1-score": 0.8485737419753795,
      "support": 262784303.0
    },
    "1": {
      "precision": 0.0,
      "recall": 0.0,
      "f1-score": 0.0,
      "support": 89048999.0
    },
    "2": {
      "precision": 0.0,
      "recall": 0.0,
      "f1-score": 0.0,
      "support": 1411776.0
    },
    "3": {
      "precision": 0.004203430058763254,
      "recall": 0.0008520280896378022,
      "f1-score": 0.0014168608967821878,
      "support": 1978808.0
    },
    "micro avg": {
      "precision": 0.7358440300179212,
      "recall": 0.7397718181597732,
      "f1-score": 0.7378026966037581,
      "support": 355223886.0
    },
    "macro avg": {
      "precision": 0.18529561354245525,
      "recall": 0.2502117046234606,
      "f1-score": 0.21249765071804042,
      "support": 355223886.0
    },
    "weighted avg": {
      "precision": 0.545219070537594,
      "recall": 0.7397718181597732,
      "f1-score": 0.6277580754374704,
      "support": 355223886.0
    }
  },
  "confusion_matrix": [
    [
      262782934,
      807,
      0,
      562
    ],
    [
      89048986,
      0,
      0,
      13
    ],
    [
      1268977,
      139872,
      0,
      2927
    ],
    [
      1976871,
      251,
      0,
      1686
    ]
  ],
  "iou_per_class": {
    "0": 0.740068639966307,
    "1": 0.0,
    "2": 0.0,
    "3": 0.0008505228748278523
  },
  "mean_iou": 0.18522979071028373
}