{
  "labels": [
    0,
    1,
    2,
    3
  ],
  "classification_report": {
    "0": {
      "precision": 0.7373164838057719,
      "recall": 0.9999697128028229,
      "f1-score": 0.8487883619812758,
      "support": 262784303.0
    },
    "1": {
      "precision": 2.4927088266819554e-05,
      "recall": 4.4919089994487194e-08,
      "f1-score": 8.967658107406918e-08,
      "support": 89048999.0
    },
    "2": {
      "precision": 0.01290395531332685,
      "recall": 0.002020858833129335,
      "f1-score": 0.003494458533466514,
      "support": 1411776.0
    },
    "3": {
      "precision": 0.004217637073204879,
      "recall": 0.0007307429523228126,
      "f1-score": 0.0012456636518619914,
      "support": 1978808.0
    },
    "micro avg": {
      "precision": 0.735832904905914,
      "recall": 0.739760633664145,
      "f1-score": 0.7377915418789739,
      "support": 355223886.0
    },
    "macro avg": {
      "precision": 0.18861575082014262,
      "recall": 0.2506803398768413,
      "f1-score": 0.21338214346079634,
      "support": 355223886.0
    },
    "weighted avg": {
      "precision": 0.5455263259182032,
      "recall": 0.739760633664145,
      "f1-score": 0.6279298020101644,
      "support": 355223886.0
    }
  },
  "confusion_matrix": [
    [
      262776344,
      1218,
      6322,
      419
    ],
    [
      89048992,
      4,
      3,
      0
    ],
    [
      1259977,
      143093,
      2853,
      5853
    ],
    [
      1763538,
      2729,
      211095,
      1446
    ]
  ],
  "iou_per_class": {
    "0": 0.7405137413031471,
    "1": 4.484504070859021e-08,
    "2": 0.0017511705160091235,
    "3": 0.0007284341185241905
  },
  "mean_iou": 0.18574834769568027
}